gene_id,Sleep_mean,Stress_mean,log2FoldChange
ENSMUSG00000086773|Gm16192,0.0,92.33333333333333,6.54432051622381
ENSMUSG00000114067|Gm47065,11.666666666666666,338.6666666666667,4.745010822722229
ENSMUSG00000116069|Gm49510,28.333333333333332,343.3333333333333,3.553192920227762
ENSMUSG00000054545|Ugt1a6a,8.0,84.66666666666667,3.2507370470304098
ENSMUSG00000070392|Gm20634,35.666666666666664,301.3333333333333,3.043599027003863
ENSMUSG00000078954|Arhgap8,1.0,13.333333333333334,2.841302253980942
ENSMUSG00000091228|Gm20390,72.33333333333333,491.3333333333333,2.74709439724013
ENSMUSG00000090145|Ugt1a6b,4.666666666666667,36.666666666666664,2.7327161211648483
ENSMUSG00000110256|Gm45412,5.666666666666667,39.0,2.584962500721156
ENSMUSG00000027913|Crct1,1.6666666666666667,15.0,2.584962500721156
ENSMUSG00000026725|Tnn,3.0,21.666666666666668,2.5025003405291835
ENSMUSG00000093847|Eif1ad15,6.0,34.333333333333336,2.335603031784439
ENSMUSG00000040715|Rsc1a1,4.333333333333333,24.333333333333332,2.2479275134435857
ENSMUSG00000018486|Wnt9b,4.666666666666667,25.0,2.1979393776119087
ENSMUSG00000002831|Plin4,66.0,272.0,2.0266679504620804
ENSMUSG00000054204|Alkal2,30.0,122.0,1.9883181949523647
ENSMUSG00000006587|Snai3,7.0,30.333333333333332,1.969626350956481
ENSMUSG00000037652|Phc3,636.6666666666666,2433.3333333333335,1.9326523568885865
ENSMUSG00000109523|Gdf1,11.333333333333334,45.0,1.8990710911492192
ENSMUSG00000114340|Gm18132,3.6666666666666665,16.333333333333332,1.893084796083488
ENSMUSG00000105302|Gm19817,3.3333333333333335,14.666666666666666,1.854149133536545
ENSMUSG00000030353|Tead4,6.666666666666667,26.333333333333332,1.8339900485610707
ENSMUSG00000065537|Mir132,5.0,19.666666666666668,1.784271308944563
ENSMUSG00000022602|Arc,5844.666666666667,19654.333333333332,1.7494813597084107
ENSMUSG00000117050|1700023B13Rik,5.666666666666667,21.0,1.722466024471091
ENSMUSG00000042861|Kcna10,3.6666666666666665,14.333333333333334,1.716207033999409
ENSMUSG00000072919|Noxred1,17.333333333333332,58.666666666666664,1.7024560637395967
ENSMUSG00000108298|Gm44226,5.333333333333333,19.333333333333332,1.6828098241193006
ENSMUSG00000014782|Plekhg4,31.0,100.33333333333333,1.6629650127224291
ENSMUSG00000067578|Cbln4,589.3333333333334,1867.3333333333333,1.6621501609408746
ENSMUSG00000065590|Mir212,8.333333333333334,28.0,1.635588573791124
ENSMUSG00000089865|Gm44503,148.66666666666666,463.0,1.6323718611075813
ENSMUSG00000114635|Gm49392,9.666666666666666,32.0,1.6293566200796097
ENSMUSG00000118491|Gm44505,4.333333333333333,15.333333333333334,1.6147098441152083
ENSMUSG00000030623|Prss23os,11.0,35.666666666666664,1.6114347120823471
ENSMUSG00000023232|Serinc2,159.0,481.3333333333333,1.591958610923206
ENSMUSG00000032726|Bmp8a,4.333333333333333,15.0,1.584962500721156
ENSMUSG00000104535|Gm42686,6.0,20.0,1.584962500721156
ENSMUSG00000064353|mt-Td,17.333333333333332,53.666666666666664,1.576192291093424
ENSMUSG00000021675|F2rl2,53.0,158.33333333333334,1.561016805096124
ENSMUSG00000023067|Cdkn1a,680.3333333333334,1957.3333333333333,1.5231936554021028
ENSMUSG00000081940|Xlr3e-ps,6.333333333333333,19.666666666666668,1.494764691749578
ENSMUSG00000074824|Rslcan18,17.0,49.666666666666664,1.493040011280117
ENSMUSG00000020793|Galr2,11.333333333333334,33.666666666666664,1.4909863525121423
ENSMUSG00000041324|Inhba,494.3333333333333,1376.6666666666667,1.4757552478359441
ENSMUSG00000003545|Fosb,385.6666666666667,1074.0,1.4751743551830443
ENSMUSG00000042622|Maff,24.333333333333332,69.33333333333333,1.4731716752635995
ENSMUSG00000103409|Lsmem2,6.333333333333333,19.333333333333332,1.471305718925589
ENSMUSG00000030789|Itgax,4.333333333333333,13.666666666666666,1.4594316186372973
ENSMUSG00000035004|Igsf6,18.0,51.0,1.4525122046975067
ENSMUSG00000115378|Gm39653,5.333333333333333,16.333333333333332,1.4525122046975067
ENSMUSG00000026875|Traf1,9.0,26.333333333333332,1.450661409009565
ENSMUSG00000073209|Klf14,12.666666666666666,36.333333333333336,1.4498029174395206
ENSMUSG00000086224|2700069I18Rik,6.333333333333333,19.0,1.4474589769712214
ENSMUSG00000051606|2010001K21Rik,8.333333333333334,24.333333333333332,1.4405725913859813
ENSMUSG00000075707|Dio3,21.0,58.666666666666664,1.4394216579058028
ENSMUSG00000117980|Gm30571,9.333333333333334,27.0,1.438121112391885
ENSMUSG00000085862|Gm13483,4.666666666666667,14.333333333333334,1.4360991148066735
ENSMUSG00000001131|Timp1,18.0,50.333333333333336,1.4338965265301598
ENSMUSG00000112095|Sros1,5.333333333333333,16.0,1.42449782852791
ENSMUSG00000052154|Gm9870,10.666666666666666,30.0,1.409875794163065
ENSMUSG00000117694|Snhg4,104.66666666666667,279.3333333333333,1.4076229601157366
ENSMUSG00000004951|Hspb1,131.33333333333334,349.3333333333333,1.4045517568192205
ENSMUSG00000089760|D030046N08Rik,4.666666666666667,14.0,1.4043902550793352
ENSMUSG00000024014|Pim1,107.66666666666667,284.3333333333333,1.392738832170069
ENSMUSG00000097407|4933408J17Rik,4.333333333333333,13.0,1.3923174227787602
ENSMUSG00000072620|Slfn2,61.666666666666664,162.66666666666666,1.3849903626370557
ENSMUSG00000057836|Xlr3a,116.0,303.3333333333333,1.3791438296796612
ENSMUSG00000022769|Sdf2l1,290.6666666666667,753.0,1.3702440072701292
ENSMUSG00000086534|Gm16758,15.0,40.333333333333336,1.369233809665719
ENSMUSG00000035852|Misp,3.6666666666666665,11.0,1.3625700793847084
ENSMUSG00000033383|Rtp1,10.666666666666666,29.0,1.3625700793847084
ENSMUSG00000109233|Gm44866,3.6666666666666665,11.0,1.3625700793847084
ENSMUSG00000050534|Htr5b,43.333333333333336,112.66666666666667,1.3583454935229828
ENSMUSG00000112203|Gm49167,9.0,24.333333333333332,1.341036917835067
ENSMUSG00000031880|Rrad,44.0,113.0,1.341036917835067
ENSMUSG00000113088|Gm36757,6.0,16.666666666666668,1.3356030317844392
ENSMUSG00000007209|Ceacam9,7.333333333333333,20.0,1.333423733725192
ENSMUSG00000060981|H4c8,25.0,64.33333333333333,1.3293076252529599
ENSMUSG00000078915|Hsp25-ps1,27.666666666666668,71.0,1.3286227474613705
ENSMUSG00000098650|Commd1b,277.3333333333333,698.0,1.328478758735178
ENSMUSG00000096938|9530052E02Rik,6.333333333333333,17.333333333333332,1.3219280948873624
ENSMUSG00000107272|Gm34583,223.66666666666666,559.6666666666666,1.319357209073286
ENSMUSG00000118332|Fam220a,707.6666666666666,1765.6666666666667,1.3178507628068195
ENSMUSG00000116637|Gm8130,5.333333333333333,14.666666666666666,1.306661338234052
ENSMUSG00000042216|Sgsm1,3477.3333333333335,8582.666666666666,1.3031978577021126
ENSMUSG00000006445|Epha2,33.666666666666664,84.33333333333333,1.2995602818589078
ENSMUSG00000116710|Gm6557,9.333333333333334,24.333333333333332,1.29373120305671
ENSMUSG00000026175|Vil1,11.0,28.333333333333332,1.2895066171949847
ENSMUSG00000086359|9630013K17Rik,7.333333333333333,19.333333333333332,1.2868811477881619
ENSMUSG00000041372|B4galnt3,30.0,74.33333333333333,1.2810201513071564
ENSMUSG00000049892|Rasd1,221.66666666666666,536.0,1.2700364862325166
ENSMUSG00000045903|Npas4,382.3333333333333,923.0,1.2692933963054762
ENSMUSG00000093575|Gm20695,9.666666666666666,24.666666666666668,1.2667865406949017
ENSMUSG00000032611|1700102P08Rik,15.666666666666666,39.0,1.2630344058337941
ENSMUSG00000070873|Lilra5,5.666666666666667,15.0,1.2630344058337937
ENSMUSG00000032818|Loxhd1,5.666666666666667,15.0,1.2630344058337937
ENSMUSG00000031530|Dusp4,464.6666666666667,1116.3333333333333,1.2626901282898884
ENSMUSG00000035095|Fam167a,33.333333333333336,81.33333333333333,1.261866704401459
ENSMUSG00000043753|Dmrta1,6.666666666666667,17.333333333333332,1.2577977574676467
ENSMUSG00000113689|Gm29676,5.0,13.333333333333334,1.2563397532597855
ENSMUSG00000001348|Acp5,5.0,13.333333333333334,1.2563397532597855
ENSMUSG00000030236|Slco1b2,6.0,15.666666666666666,1.2515387669959641
ENSMUSG00000087249|Gm16062,29.666666666666668,72.0,1.2512251035441604
ENSMUSG00000033470|Cysltr2,10.666666666666666,26.666666666666668,1.2457564144019584
ENSMUSG00000099583|H3c4,11.666666666666666,29.0,1.2439255828860893
ENSMUSG00000073130|Gm1141,6.333333333333333,16.333333333333332,1.2410080995037949
ENSMUSG00000005124|Ccn4,170.66666666666666,404.3333333333333,1.2394988913730047
ENSMUSG00000078452|Raet1d,7.333333333333333,18.666666666666668,1.2387868595871168
ENSMUSG00000120263,5.666666666666667,14.666666666666666,1.2326607567902748
ENSMUSG00000051590|Map3k19,128.0,301.6666666666667,1.230358731146505
ENSMUSG00000085609|1700016P03Rik,81.33333333333333,191.66666666666666,1.2265584509160012
ENSMUSG00000039236|Isg20,12.0,29.333333333333332,1.2223924213364477
ENSMUSG00000051054|1700014D04Rik,27.333333333333332,65.0,1.219965683941908
ENSMUSG00000087443|Ppp1r18os,3.3333333333333335,9.0,1.2064508774674263
ENSMUSG00000054944|5330416C01Rik,70.33333333333333,163.0,1.201047518938093
ENSMUSG00000084289|Fth1-ps,14.666666666666666,35.0,1.2002986504858313
ENSMUSG00000082543|Gm14336,7.0,17.333333333333332,1.1963972128035034
ENSMUSG00000061143|Maml3,347.3333333333333,797.0,1.1959202099752568
ENSMUSG00000050777|Tmem37,24.0,56.0,1.189033824390017
ENSMUSG00000109404|Gm19963,13.333333333333334,31.666666666666668,1.1884450894131102
ENSMUSG00000006574|Slc4a1,4.0,10.333333333333334,1.1805722456418208
ENSMUSG00000058147|Xlr3c,88.0,200.66666666666666,1.1800954004744029
ENSMUSG00000056031|9330154J02Rik,31.333333333333332,72.0,1.174874217414046
ENSMUSG00000016179|Camk1g,1073.6666666666667,2420.3333333333335,1.1719124587629475
ENSMUSG00000121499|Ly6a2,20.333333333333332,47.0,1.1699250014423124
ENSMUSG00000108832|Gm44832,7.0,17.0,1.1699250014423124
ENSMUSG00000030549|Rhcg,12.333333333333334,29.0,1.1699250014423124
ENSMUSG00000024175|Tekt4,12.666666666666666,29.666666666666668,1.1660099514389293
ENSMUSG00000060791|Gmfg,17.333333333333332,40.0,1.1611547918145801
ENSMUSG00000035711|Dok3,127.0,285.0,1.1598713367783895
ENSMUSG00000097368|Gm10390,5.0,12.333333333333334,1.15200309344505
ENSMUSG00000087057|Gm11730,18.666666666666668,42.666666666666664,1.150779952175609
ENSMUSG00000028778|Hcrtr1,48.0,107.66666666666667,1.1490558093947134
ENSMUSG00000083847|Xlr3d-ps,10.0,23.333333333333332,1.1454304395215638
ENSMUSG00000051118|Or7d10,26.333333333333332,59.333333333333336,1.1422938824651219
ENSMUSG00000111004|Gm48272,5.666666666666667,13.666666666666666,1.1375035237499347
ENSMUSG00000010476|Ebf3,24.333333333333332,54.666666666666664,1.1357767790304667
ENSMUSG00000033316|Galnt9,3265.6666666666665,7155.666666666667,1.131468536856203
ENSMUSG00000033498|Strc,9.666666666666666,22.333333333333332,1.1292830169449664
ENSMUSG00000085890|Tnfsf13os,10.333333333333334,23.666666666666668,1.1219905243786104
ENSMUSG00000038917|3930402G23Rik,10.666666666666666,24.333333333333332,1.1186444964986189
ENSMUSG00000029797|Sspo,34.0,75.0,1.1186444964986189
ENSMUSG00000049130|C5ar1,14.666666666666666,33.0,1.1178364902938585
ENSMUSG00000101610|Gm7560,5.0,12.0,1.1154772174199359
ENSMUSG00000057606|Colq,46.0,100.33333333333333,1.108376161044792
ENSMUSG00000007617|Homer1,8239.0,17745.333333333332,1.10680472979959
ENSMUSG00000028214|Gem,65.0,141.0,1.1053530001462286
ENSMUSG00000046733|Gprc5a,10.333333333333334,23.333333333333332,1.1023617176296778
ENSMUSG00000112540|Gm47461,12.666666666666666,28.333333333333332,1.1018796140192137
ENSMUSG00000074403|H3c13,6.0,14.0,1.0995356735509143
ENSMUSG00000026773|Pfkfb3,1085.6666666666667,2327.0,1.0991815945110002
ENSMUSG00000007682|Dio2,3610.0,7732.666666666667,1.0987541630234152
ENSMUSG00000066363|Serpina3f,11.0,24.666666666666668,1.096861539252589
ENSMUSG00000051627|H1f4,43.0,93.0,1.09515723304034
ENSMUSG00000079495|Nat8f6,101.33333333333333,216.66666666666666,1.0888443361762514
ENSMUSG00000098238|Gm8756,7.0,16.0,1.0874628412503393
ENSMUSG00002075904|Gm55629,10.333333333333334,23.0,1.082462160191973
ENSMUSG00000025317|Car5a,4.666666666666667,11.0,1.082462160191973
ENSMUSG00000033730|Egr3,6140.333333333333,12996.666666666666,1.0816288392262818
ENSMUSG00000021403|Serpinb9b,7.666666666666667,17.333333333333332,1.080919995383567
ENSMUSG00000120496,7.666666666666667,17.333333333333332,1.080919995383567
ENSMUSG00000119968,10.666666666666666,23.666666666666668,1.0801703486839833
ENSMUSG00000111692|Gm49373,37.333333333333336,80.0,1.0793224526614056
ENSMUSG00000070720|Tmem200b,169.66666666666666,359.3333333333333,1.0781508077346502
ENSMUSG00000097919|Gm27021,14.0,30.666666666666668,1.078002512001273
ENSMUSG00000026864|Hspa5,8295.333333333334,17503.666666666668,1.0771938238532102
ENSMUSG00000044156|Hepacam2,8.333333333333334,18.666666666666668,1.0752881273042372
ENSMUSG00000048482|Bdnf,1454.3333333333333,3065.3333333333335,1.0751649076394347
ENSMUSG00000115122|Gm49685,11.666666666666666,25.666666666666668,1.074000581443777
ENSMUSG00000026205|Slc23a3,57.666666666666664,122.33333333333333,1.0719498418790148
ENSMUSG00000010797|Wnt2,108.66666666666667,229.33333333333334,1.0705981266530171
ENSMUSG00000083811|Gm13071,9.666666666666666,21.333333333333332,1.0660891904577725
ENSMUSG00000049649|Gpr3,272.3333333333333,569.6666666666666,1.061986886895701
ENSMUSG00000055805|Fmnl1,4321.0,9013.333333333334,1.0605217270299685
ENSMUSG00000023272|Creld2,398.0,830.3333333333334,1.0590383128861682
ENSMUSG00000027654|Fam83d,41.0,86.33333333333333,1.0561430780375336
ENSMUSG00000044017|Adgrd1,232.0,482.3333333333333,1.0526885395268604
ENSMUSG00000050860|Phospho1,344.3333333333333,714.6666666666666,1.0512981881722192
ENSMUSG00000110218|Tincr,17.666666666666668,37.666666666666664,1.050626073069968
ENSMUSG00000102969|Gm33366,18.0,38.333333333333336,1.0497530351970998
ENSMUSG00000107106|Gm43760,4.666666666666667,10.666666666666666,1.0418201756946268
ENSMUSG00000036151|Tm6sf2,16.666666666666668,35.333333333333336,1.0402638702137272
ENSMUSG00000042638|Gucy2c,5.333333333333333,12.0,1.037474705418663
ENSMUSG00000024427|Spry4,422.0,866.3333333333334,1.0359288928766894
ENSMUSG00000032487|Ptgs2,545.3333333333334,1119.0,1.0356453785666637
ENSMUSG00000001021|S100a3,12.333333333333334,26.333333333333332,1.0356239097307212
ENSMUSG00000004371|Il11,6.666666666666667,14.666666666666666,1.0310268956206243
ENSMUSG00000095799|Eif1ad10,15.0,31.666666666666668,1.0297473433940523
ENSMUSG00000050747|Trim15,7.666666666666667,16.666666666666668,1.027480736422107
ENSMUSG00000032575|Manf,1185.0,2414.3333333333335,1.0261182951861276
ENSMUSG00000060380|C030014I23Rik,8.666666666666666,18.666666666666668,1.0246620542342693
ENSMUSG00000023905|Tnfrsf12a,119.33333333333333,243.66666666666666,1.023781225956042
ENSMUSG00000105843|Gm19439,104.66666666666667,213.66666666666666,1.0225778479752097
ENSMUSG00000115965|Gm30564,10.666666666666666,22.666666666666668,1.0204641025597159
ENSMUSG00000102797|Gm37710,11.333333333333334,24.0,1.019365324866931
ENSMUSG00000049115|Agtr1a,13.0,27.333333333333332,1.0170735133589415
ENSMUSG00000046223|Plaur,27.333333333333332,56.333333333333336,1.0168738185643964
ENSMUSG00000047281|Sfn,31.666666666666668,65.0,1.0146467759644013
ENSMUSG00000051159|Cited1,38.333333333333336,78.33333333333333,1.0121747139461021
ENSMUSG00000108815|Gm49388,60.333333333333336,122.66666666666667,1.0117134205637903
ENSMUSG00000083955|Gm14785,3.6666666666666665,8.333333333333334,1.0000000000000002
ENSMUSG00000092447|Gm7696,3.6666666666666665,8.333333333333334,1.0000000000000002
ENSMUSG00000103847|Gm20056,7.333333333333333,15.666666666666666,1.0
ENSMUSG00000087196|Gm13373,10.0,21.0,1.0
ENSMUSG00000063767|S100a7a,6.666666666666667,14.333333333333334,1.0
ENSMUSG00000091996|Smim35,25.666666666666668,12.333333333333334,-1.0
ENSMUSG00000047730|Fcgbp,22.333333333333332,10.666666666666666,-1.0
ENSMUSG00000078776|9530053A07Rik,11.0,5.0,-1.0
ENSMUSG00000114277|Gm48583,18.333333333333332,8.666666666666666,-1.0
ENSMUSG00000056316|Gm9996,85.0,42.0,-1.0
ENSMUSG00000109111|6530437J22Rik,10.333333333333334,4.666666666666667,-1.0
ENSMUSG00000110016|Gm20751,18.333333333333332,8.666666666666666,-1.0
ENSMUSG00000103900|Gm37500,24.333333333333332,11.666666666666666,-1.0
ENSMUSG00000020798|Spns3,13.666666666666666,6.333333333333333,-1.0
ENSMUSG00000106631|Gm42669,75.0,37.0,-1.0
ENSMUSG00000033508|Asprv1,51.666666666666664,25.333333333333332,-1.0
ENSMUSG00000093739|Gm20692,19.0,9.0,-1.0
ENSMUSG00000072980|Oip5,33.0,16.0,-1.0
ENSMUSG00000105550|Gm35585,13.0,6.0,-1.0
ENSMUSG00000114926|Gm2379,17.0,8.0,-1.0
ENSMUSG00000040367|Lrrd1,15.666666666666666,7.333333333333333,-1.0
ENSMUSG00000120758,14.333333333333334,6.666666666666667,-1.0
ENSMUSG00000113031|Gm34552,14.333333333333334,6.666666666666667,-1.0
ENSMUSG00000112254|Gm47690,12.333333333333334,5.666666666666667,-1.0
ENSMUSG00000120353,19.0,9.0,-1.0
ENSMUSG00000022229|Atp12a,9.0,4.0,-1.0
ENSMUSG00000120583,31.666666666666668,15.333333333333334,-1.0
ENSMUSG00000022900|Ildr1,23.0,11.0,-1.0
ENSMUSG00000040966|Slc22a2,35.0,17.0,-1.0
ENSMUSG00000109841|E330011O21Rik,18.333333333333332,8.666666666666666,-1.0
ENSMUSG00000089837|Npcd,12.333333333333334,5.666666666666667,-1.0
ENSMUSG00000097993|Ptprv,38.333333333333336,18.666666666666668,-1.0
ENSMUSG00000116908|Gm49599,24.333333333333332,11.666666666666666,-1.0
ENSMUSG00000116125|Gm41361,25.0,12.0,-1.0
ENSMUSG00000101849|Gm28386,31.666666666666668,15.333333333333334,-1.0
ENSMUSG00000102549|Gm38137,11.0,5.0,-1.0
ENSMUSG00000114780|AI197445,32.333333333333336,15.666666666666666,-1.0000000000000002
ENSMUSG00000020892|Aloxe3,244.33333333333334,121.33333333333333,-1.0039257032138003
ENSMUSG00000074024|4632427E13Rik,75.33333333333333,37.0,-1.0063137739322021
ENSMUSG00000107868|Gm5112,60.0,29.333333333333332,-1.0079051980853462
ENSMUSG00000051113|Garin5a,144.0,71.0,-1.0099840885726221
ENSMUSG00000103928|Gm37893,78.33333333333333,38.333333333333336,-1.0121747139461021
ENSMUSG00000105613|Gm43684,69.0,33.666666666666664,-1.0138057995250307
ENSMUSG00000113244|Gm31218,33.333333333333336,16.0,-1.014075185211723
ENSMUSG00000104330|Gm38285,30.0,14.333333333333334,-1.0155968550510186
ENSMUSG00000022622|Acr,26.666666666666668,12.666666666666666,-1.0174874267288412
ENSMUSG00000029699|Ssc4d,50.333333333333336,24.333333333333332,-1.018859027251316
ENSMUSG00000044689|Gm13749,24.666666666666668,11.666666666666666,-1.018859027251316
ENSMUSG00000095730|Vmn2r29,24.0,11.333333333333334,-1.019365324866931
ENSMUSG00000120423,22.666666666666668,10.666666666666666,-1.0204641025597156
ENSMUSG00000104435|Gm37422,615.3333333333334,302.6666666666667,-1.0212222656021452
ENSMUSG00000106858|Gm43844,21.333333333333332,10.0,-1.021695071099319
ENSMUSG00000106099|Gm42664,110.0,53.666666666666664,-1.0218263624531785
ENSMUSG00000028307|Aldob,64.66666666666667,31.333333333333332,-1.022138977269249
ENSMUSG00000085386|Gm13630,42.333333333333336,20.333333333333332,-1.0223678130284546
ENSMUSG00000037627|Rgs22,20.666666666666668,9.666666666666666,-1.0223678130284546
ENSMUSG00000037578|Pkd2l1,20.666666666666668,9.666666666666666,-1.0223678130284546
ENSMUSG00000093485|Gm20708,56.0,27.0,-1.0255350921071376
ENSMUSG00000116398|Gm5216,37.0,17.666666666666668,-1.0255350921071376
ENSMUSG00000111343|Gm47175,17.333333333333332,8.0,-1.0264722113611908
ENSMUSG00000097149|G630030J09Rik,17.333333333333332,8.0,-1.0264722113611908
ENSMUSG00000045259|Klhdc9,234.66666666666666,114.66666666666667,-1.0267745522311378
ENSMUSG00000046854|Pip5kl1,179.0,87.33333333333333,-1.0269670476002695
ENSMUSG00000097292|A230107N01Rik,50.666666666666664,24.333333333333332,-1.028196891830652
ENSMUSG00000101856|1700096K18Rik,100.33333333333333,48.666666666666664,-1.028758992981424
ENSMUSG00000020131|Pcsk4,142.0,69.0,-1.030588319833423
ENSMUSG00000110077|Gm45632,29.666666666666668,14.0,-1.031708859727338
ENSMUSG00000013483|Card14,29.666666666666668,14.0,-1.031708859727338
ENSMUSG00000024869|Gm49405,151.66666666666666,73.66666666666667,-1.0318488660393397
ENSMUSG00000099875|Rbm3-ps,29.0,13.666666666666666,-1.0324214776923775
ENSMUSG00000033774|Npbwr1,74.0,35.666666666666664,-1.0324214776923775
ENSMUSG00000032372|Plscr2,73.33333333333333,35.333333333333336,-1.032715575143378
ENSMUSG00000020799|Tekt1,58.333333333333336,28.0,-1.0327899351176695
ENSMUSG00000091890|A830073O21Rik,324.3333333333333,158.0,-1.0328918815573747
ENSMUSG00000119996,102.0,49.333333333333336,-1.0330582885792956
ENSMUSG00000103706|6820402A03Rik,13.333333333333334,6.0,-1.0339473319233377
ENSMUSG00000079497|Gm13420,27.666666666666668,13.0,-1.0339473319233377
ENSMUSG00000036030|Prtg,110.33333333333333,53.333333333333336,-1.0349761382429745
ENSMUSG00000103529|A730089K16Rik,26.333333333333332,12.333333333333334,-1.0356239097307212
ENSMUSG00000025934|Gsta3,40.0,19.0,-1.0356239097307214
ENSMUSG00000023047|Amhr2,25.666666666666668,12.0,-1.0365258760251141
ENSMUSG00000101144|Gm29054,64.0,30.666666666666668,-1.0374747054186628
ENSMUSG00000114220|Gm10353,25.0,11.666666666666666,-1.0374747054186628
ENSMUSG00000078963|Hsbp1l1,49.0,23.333333333333332,-1.0389941316158637
ENSMUSG00000108088|Gm44229,11.333333333333334,5.0,-1.0395283641866375
ENSMUSG00000114362|4933433G19Rik,35.333333333333336,16.666666666666668,-1.040263870213727
ENSMUSG00000100017|2410022M11Rik,215.0,104.0,-1.040641984497346
ENSMUSG00000046167|Gldn,68.33333333333333,32.666666666666664,-1.0422282353892975
ENSMUSG00000020878|Lrrc46,32.0,15.0,-1.0443941193584534
ENSMUSG00000110559|Gm26843,21.0,9.666666666666666,-1.0443941193584536
ENSMUSG00000105572|Gm43300,95.33333333333333,45.666666666666664,-1.0456426655557125
ENSMUSG00000097343|9030407P20Rik,320.0,154.33333333333334,-1.047205843189179
ENSMUSG00000108778|Gm20083,19.666666666666668,9.0,-1.0473057147783569
ENSMUSG00000087305|A430035B10Rik,120.33333333333333,57.666666666666664,-1.048363021561399
ENSMUSG00000057816|Cfap299,19.0,8.666666666666666,-1.0489096004809466
ENSMUSG00000097705|Gm26740,38.333333333333336,18.0,-1.0497530351970996
ENSMUSG00000081096|Gm12691,27.333333333333332,12.666666666666666,-1.051838931519618
ENSMUSG00000071665|Foxr2,26.666666666666668,12.333333333333334,-1.0531113364595623
ENSMUSG00000039985|Sinhcaf,35.666666666666664,16.666666666666668,-1.0534392589614603
ENSMUSG00000031167|Rbm3,3510.0,1689.0,-1.0548587497112083
ENSMUSG00000074507|Gm14340,34.333333333333336,16.0,-1.0554951125917038
ENSMUSG00000106019|Gm43672,540.3333333333334,259.3333333333333,-1.0561571790431972
ENSMUSG00000065968|Ifitm7,24.666666666666668,11.333333333333334,-1.0573331750659516
ENSMUSG00000057802|Gm10030,15.666666666666666,7.0,-1.0588936890535683
ENSMUSG00000097537|2610020C07Rik,57.333333333333336,27.0,-1.0588936890535685
ENSMUSG00000073985|Gm10602,64.33333333333333,30.333333333333332,-1.0601209924375707
ENSMUSG00000078247|Airn,47.666666666666664,22.333333333333332,-1.0605415419350508
ENSMUSG00000042918|Mamstr,96.33333333333333,45.666666666666664,-1.0605415419350508
ENSMUSG00000002007|Srpk3,152.66666666666666,72.66666666666667,-1.0607203810379062
ENSMUSG00000081436|Gm5912,47.0,22.0,-1.0614005446641432
ENSMUSG00000111853|Gm31408,31.0,14.333333333333334,-1.0614005446641432
ENSMUSG00000047497|Adamts12,14.333333333333334,6.333333333333333,-1.0641303374197157
ENSMUSG00000113528|Gm32699,67.33333333333333,31.666666666666668,-1.0647702553902376
ENSMUSG00000105218|Gm38413,81.33333333333333,38.333333333333336,-1.0657241822228363
ENSMUSG00000026548|Slamf9,28.333333333333332,13.0,-1.0671141958585368
ENSMUSG00000083853|Gm15696,13.666666666666666,6.0,-1.0671141958585368
ENSMUSG00000113778|Gm40847,13.666666666666666,6.0,-1.0671141958585368
ENSMUSG00000085828|Gm15612,421.0,200.33333333333334,-1.0676569501032624
ENSMUSG00000074252|Gm10654,63.333333333333336,29.666666666666668,-1.0688950812110676
ENSMUSG00000050473|Slc35d3,63.333333333333336,29.666666666666668,-1.0688950812110676
ENSMUSG00000120104,407.0,193.33333333333334,-1.0700357694921552
ENSMUSG00000107749|Gm44321,27.0,12.333333333333334,-1.0703893278913978
ENSMUSG00000019767|Ccdc170,20.0,9.0,-1.070389327891398
ENSMUSG00000028487|Bnc2,26.333333333333332,12.0,-1.0721497857558353
ENSMUSG00000031285|Dcx,1659.6666666666667,788.6666666666666,-1.0724468230006055
ENSMUSG00000086159|Gm13025,19.333333333333332,8.666666666666666,-1.0727563424353141
ENSMUSG00000056870|Gulp1,187.66666666666666,88.66666666666667,-1.0731958802752581
ENSMUSG00000018570|2810408A11Rik,12.333333333333334,5.333333333333333,-1.074000581443777
ENSMUSG00000117763|9830166K06Rik,64.33333333333333,30.0,-1.0755510330071767
ENSMUSG00000034898|Filip1,434.0,205.0,-1.0783710635528723
ENSMUSG00000051367|Six1,36.333333333333336,16.666666666666668,-1.079434467494405
ENSMUSG00000111094|Gm34425,23.666666666666668,10.666666666666666,-1.0801703486839835
ENSMUSG00000025519|Tktl2,23.666666666666668,10.666666666666666,-1.0801703486839835
ENSMUSG00000103864|Gm37415,17.333333333333332,7.666666666666667,-1.080919995383567
ENSMUSG00000005268|Prlr,117.0,54.666666666666664,-1.0839012576089453
ENSMUSG00000057092|Fxyd3,299.3333333333333,140.66666666666666,-1.0840642647884744
ENSMUSG00000015890|Amdhd1,16.666666666666668,7.333333333333333,-1.0840642647884748
ENSMUSG00000031637|Lrp2bp,16.666666666666668,7.333333333333333,-1.0840642647884748
ENSMUSG00000005640|Insrr,16.666666666666668,7.333333333333333,-1.0840642647884748
ENSMUSG00000117728|Gm34299,16.666666666666668,7.333333333333333,-1.0840642647884748
ENSMUSG00000097572|Gm26797,33.666666666666664,15.333333333333334,-1.0857298740258836
ENSMUSG00000035946|Gsx2,10.333333333333334,4.333333333333333,-1.0874628412503395
ENSMUSG00000072663|Spef2,50.0,23.0,-1.0874628412503395
ENSMUSG00000107318|Gm30003,10.333333333333334,4.333333333333333,-1.0874628412503395
ENSMUSG00000071317|Bves,60.666666666666664,28.0,-1.0884379646675837
ENSMUSG00000112547|Gm47096,48.666666666666664,22.333333333333332,-1.0898855035171953
ENSMUSG00000090919|Pabpc4l,21.0,9.333333333333334,-1.0901978089715783
ENSMUSG00000040380|Cbln3,21.0,9.333333333333334,-1.0901978089715783
ENSMUSG00000100084|2310068J16Rik,15.333333333333334,6.666666666666667,-1.0911478880581955
ENSMUSG00000018983|E2f2,58.0,26.666666666666668,-1.0925661187360727
ENSMUSG00000104178|Gm9916,20.333333333333332,9.0,-1.0931094043914815
ENSMUSG00000110901|Gm48393,20.333333333333332,9.0,-1.0931094043914815
ENSMUSG00000120939,46.666666666666664,21.333333333333332,-1.093782146320617
ENSMUSG00000037593|Rskr,490.0,228.66666666666666,-1.096181542331558
ENSMUSG00000086943|4732414G09Rik,19.666666666666668,8.666666666666666,-1.0962153152593033
ENSMUSG00000034329|Brip1,19.666666666666668,8.666666666666666,-1.0962153152593033
ENSMUSG00000029658|Wdr95,24.666666666666668,11.0,-1.0968615392525891
ENSMUSG00000048038|Ccdc187,86.0,39.666666666666664,-1.0971686590069984
ENSMUSG00000021575|Ahrr,60.333333333333336,27.666666666666668,-1.097297201354915
ENSMUSG00000108624|Gm45091,14.0,6.0,-1.0995356735509143
ENSMUSG00000075463|4930594M22Rik,39.0,17.666666666666668,-1.0995356735509143
ENSMUSG00000093938|Evi2b,14.0,6.0,-1.0995356735509143
ENSMUSG00000021391|Cenpp,23.333333333333332,10.333333333333334,-1.1023617176296778
ENSMUSG00000070306|Ccdc153,32.666666666666664,14.666666666666666,-1.1036226310741573
ENSMUSG00000108391|Gm9768,42.0,19.0,-1.1043366598147357
ENSMUSG00000022996|Wnt10b,73.66666666666667,33.666666666666664,-1.106915203916512
ENSMUSG00000100005|B130024G19Rik,40.666666666666664,18.333333333333332,-1.107803289534515
ENSMUSG00000086826|Gm11739,22.0,9.666666666666666,-1.1085244567781691
ENSMUSG00000046750|Selenov,17.0,7.333333333333333,-1.111031312388744
ENSMUSG00000104736|Gm33609,17.0,7.333333333333333,-1.111031312388744
ENSMUSG00000103593|Gm37352,17.0,7.333333333333333,-1.111031312388744
ENSMUSG00000086236|5830418P13Rik,21.333333333333332,9.333333333333334,-1.1118928800708971
ENSMUSG00000114961|A930002C04Rik,38.666666666666664,17.333333333333332,-1.1134580497832838
ENSMUSG00000089854|Gm16133,33.666666666666664,15.0,-1.1154772174199359
ENSMUSG00000051980|Casr,16.333333333333332,7.0,-1.1154772174199359
ENSMUSG00000053914|Kdm4d,85.66666666666667,39.0,-1.115477217419936
ENSMUSG00000041673|Lrrc18,20.666666666666668,9.0,-1.115477217419936
ENSMUSG00000120830,15.666666666666666,6.666666666666667,-1.1202942337177115
ENSMUSG00000037921|Ddx60,52.666666666666664,23.666666666666668,-1.1214635124856671
ENSMUSG00000086999|Bcas1os2,19.333333333333332,8.333333333333334,-1.123382415505282
ENSMUSG00000082079|Dnmt3c,19.333333333333332,8.333333333333334,-1.123382415505282
ENSMUSG00000104938|Gm42840,19.333333333333332,8.333333333333334,-1.123382415505282
ENSMUSG00000073779|Lrp8os2,47.0,21.0,-1.125530882083859
ENSMUSG00000021697|Depdc1b,15.0,6.333333333333333,-1.125530882083859
ENSMUSG00000120978,26.666666666666668,11.666666666666666,-1.1271119179033393
ENSMUSG00000068601|Gm10244,18.666666666666668,8.0,-1.127755547198373
ENSMUSG00000110598|Gm45854,50.0,22.333333333333332,-1.1281048257476853
ENSMUSG00000039103|Nexn,177.0,80.33333333333333,-1.129958594124668
ENSMUSG00000085289|Gm15337,41.333333333333336,18.333333333333332,-1.1307036916445938
ENSMUSG00000022429|Dmc1,18.0,7.666666666666667,-1.1324502960236493
ENSMUSG00000002100|Mybpc3,54.0,24.0,-1.137503523749935
ENSMUSG00000030450|Oca2,17.333333333333332,7.333333333333333,-1.137503523749935
ENSMUSG00000086657|Stamos,17.333333333333332,7.333333333333333,-1.137503523749935
ENSMUSG00000085347|Hk1os,24.666666666666668,10.666666666666666,-1.1375035237499351
ENSMUSG00000107336|Gm43461,42.333333333333336,18.666666666666668,-1.1397247636666132
ENSMUSG00000110631|Gm42047,165.0,74.33333333333333,-1.1398229696528932
ENSMUSG00000058046|4933430I17Rik,16.666666666666668,7.0,-1.1429579538420431
ENSMUSG00000024795|Kif20b,51.333333333333336,22.666666666666668,-1.1448736293869448
ENSMUSG00000038379|Ttk,19.666666666666668,8.333333333333334,-1.1468413883292712
ENSMUSG00000026387|Sctr,9.333333333333334,3.6666666666666665,-1.1468413883292714
ENSMUSG00000097286|Gm26684,126.0,56.333333333333336,-1.147382432791224
ENSMUSG00000104869|Gm42544,16.0,6.666666666666667,-1.1488633859144828
ENSMUSG00000116164|1110013H19Rik,25.666666666666668,11.0,-1.15200309344505
ENSMUSG00000085788|4930470G03Rik,19.0,8.0,-1.15200309344505
ENSMUSG00000079355|Ackr4,12.333333333333334,5.0,-1.15200309344505
ENSMUSG00000052525|Spdya,117.66666666666667,52.333333333333336,-1.1538053360790355
ENSMUSG00000029618|Ocm,22.0,9.333333333333334,-1.1543281463912938
ENSMUSG00000121059,15.333333333333334,6.333333333333333,-1.155278225477911
ENSMUSG00000097784|A430105J06Rik,15.333333333333334,6.333333333333333,-1.155278225477911
ENSMUSG00000032561|Acpp,41.333333333333336,18.0,-1.1557946726074242
ENSMUSG00000110701|Gm6013,34.666666666666664,15.0,-1.1565044856799906
ENSMUSG00000096991|Gm26789,34.666666666666664,15.0,-1.1565044856799906
ENSMUSG00000045551|Fpr1,8.666666666666666,3.3333333333333335,-1.1575412769864797
ENSMUSG00000001333|Sync,47.333333333333336,20.666666666666668,-1.15754127698648
ENSMUSG00000097069|Gm16998,24.333333333333332,10.333333333333334,-1.160464672193246
ENSMUSG00000021763|Cspg4b,77.33333333333333,34.0,-1.162271428898877
ENSMUSG00000024210|Ip6k3,33.333333333333336,14.333333333333334,-1.1629385711262057
ENSMUSG00000120623,20.666666666666668,8.666666666666666,-1.1643868179008825
ENSMUSG00000041479|Syt15,48.333333333333336,21.0,-1.1650592462704963
ENSMUSG00000106547|B230303O12Rik,23.666666666666668,10.0,-1.1650592462704963
ENSMUSG00000097330|Gm26672,206.66666666666666,91.33333333333333,-1.1693461869748134
ENSMUSG00000030116|Mfap5,14.0,5.666666666666667,-1.1699250014423124
ENSMUSG00000116294|Gm49415,17.0,7.0,-1.1699250014423124
ENSMUSG00000064201|Krt2,14.0,5.666666666666667,-1.1699250014423124
ENSMUSG00000115373|Gm49194,20.0,8.333333333333334,-1.1699250014423124
ENSMUSG00000087055|Gm11948,17.0,7.0,-1.1699250014423124
ENSMUSG00000114860|Gm49291,19.333333333333332,8.0,-1.1758498353994176
ENSMUSG00000051965|Nanos2,21.666666666666668,9.0,-1.1805722456418208
ENSMUSG00000016024|Lbp,151.0,66.0,-1.1818383229858132
ENSMUSG00000111264|E030022I16Rik,18.666666666666668,7.666666666666667,-1.182203331220749
ENSMUSG00000054181|A930012O16Rik,29.333333333333332,12.333333333333334,-1.1858665453113337
ENSMUSG00000041798|Gck,29.333333333333332,12.333333333333334,-1.1858665453113337
ENSMUSG00000097930|C330002G04Rik,21.0,8.666666666666666,-1.1864131242308813
ENSMUSG00000031594|Fgl1,12.666666666666666,5.0,-1.1876270031757714
ENSMUSG00000031893|Tsnaxip1,12.666666666666666,5.0,-1.1876270031757714
ENSMUSG00000108897|Gm44861,26.333333333333332,11.0,-1.1876270031757714
ENSMUSG00000020234|Tektip1,23.333333333333332,9.666666666666666,-1.1898245588800174
ENSMUSG00000091007|D630036H23Rik,20.333333333333332,8.333333333333334,-1.1926450779423956
ENSMUSG00000092483|Gm20421,52.333333333333336,22.333333333333332,-1.192645077942396
ENSMUSG00000042988|Notum,105.0,45.333333333333336,-1.1939418825608479
ENSMUSG00000030889|Vwa3a,234.0,101.66666666666667,-1.1946929065912544
ENSMUSG00000086245|Gm16170,41.0,17.333333333333332,-1.195920209975257
ENSMUSG00000084898|Gm12371,378.6666666666667,164.66666666666666,-1.1964499901458259
ENSMUSG00000102483|Catspere1,27.333333333333332,11.333333333333334,-1.1999375705087518
ENSMUSG00000048502|Duxbl1,63.333333333333336,27.0,-1.2001396144893204
ENSMUSG00000045193|Cirbp,2003.0,871.0,-1.200482468418282
ENSMUSG00000083500|Gm15470,14.333333333333334,5.666666666666667,-1.2016338611696507
ENSMUSG00000038403|Hjv,79.66666666666667,34.0,-1.204617719608472
ENSMUSG00000106535|Gm43031,89.0,38.0,-1.2064508774674263
ENSMUSG00000027514|Zbp1,11.333333333333334,4.333333333333333,-1.20945336562895
ENSMUSG00000098221|Gm27030,38.333333333333336,16.0,-1.2102177073903457
ENSMUSG00000110378|Gm45242,13.666666666666666,5.333333333333333,-1.2115041051937117
ENSMUSG00000106391|Gm42690,16.0,6.333333333333333,-1.2129937233341985
ENSMUSG00000109561|Ankrd31,18.333333333333332,7.333333333333333,-1.2141248053528475
ENSMUSG00000103749|Pcdhgb5,1246.6666666666667,536.6666666666666,-1.2144486097443192
ENSMUSG00000117856|Gm6937,20.666666666666668,8.333333333333334,-1.2150128909708504
ENSMUSG00000097134|1110002J07Rik,32.333333333333336,13.333333333333334,-1.2175914350726267
ENSMUSG00000087516|Tbx3os1,34.666666666666664,14.333333333333334,-1.2179050303441339
ENSMUSG00000120340|A330069E16Rik,46.333333333333336,19.333333333333332,-1.219009781941796
ENSMUSG00000010205|Raver1,339.0,145.0,-1.2195663772576846
ENSMUSG00000114230|Gm48239,351.6666666666667,150.33333333333334,-1.2205754248231109
ENSMUSG00000025515|Muc2,15.333333333333334,6.0,-1.222392421336448
ENSMUSG00000120419,17.666666666666668,7.0,-1.222392421336448
ENSMUSG00000097825|9630001P10Rik,88.66666666666667,37.333333333333336,-1.225972311612249
ENSMUSG00000107624|Gm44005,28.666666666666668,11.666666666666666,-1.2278059175228122
ENSMUSG00000041301|Cftr,53.666666666666664,22.333333333333332,-1.2282689876731172
ENSMUSG00000120215,30.333333333333332,12.333333333333334,-1.2326607567902748
ENSMUSG00000085054|Gm15834,25.666666666666668,10.333333333333334,-1.234465253637023
ENSMUSG00000120632,21.0,8.333333333333334,-1.2370391973008492
ENSMUSG00000120196,58.0,24.0,-1.2387868595871165
ENSMUSG00000045667|Smtnl2,38.333333333333336,15.666666666666666,-1.2387868595871168
ENSMUSG00000084990|Gm14549,18.666666666666668,7.333333333333333,-1.2387868595871168
ENSMUSG00000073802|Cdkn2b,31.333333333333332,12.666666666666666,-1.2423608375690438
ENSMUSG00000097150|Gm26513,14.0,5.333333333333333,-1.2439255828860891
ENSMUSG00000097761|4930534D22Rik,20.333333333333332,8.0,-1.2451124978365316
ENSMUSG00000109708|Gm45809,39.333333333333336,16.0,-1.246437895303099
ENSMUSG00000090084|Srpx,11.666666666666666,4.333333333333333,-1.2479275134435857
ENSMUSG00000054412|Gm4793,42.666666666666664,17.333333333333332,-1.2520632880127907
ENSMUSG00000113170|Gm36839,42.666666666666664,17.333333333333332,-1.2520632880127907
ENSMUSG00000111340|Gm47171,36.333333333333336,14.666666666666666,-1.2527660703799668
ENSMUSG00000028602|Tnfrsf8,61.0,25.0,-1.253756592245783
ENSMUSG00000104271|Gm37891,23.666666666666668,9.333333333333334,-1.2552570552420745
ENSMUSG00000102657|Gm37899,13.333333333333334,5.0,-1.2563397532597858
ENSMUSG00000109216|Gm44907,27.666666666666668,11.0,-1.2563397532597858
ENSMUSG00000110547|Gm29773,27.666666666666668,11.0,-1.2563397532597858
ENSMUSG00000086172|2700068H02Rik,13.333333333333334,5.0,-1.2563397532597858
ENSMUSG00000085766|2810430I11Rik,17.333333333333332,6.666666666666667,-1.2577977574676467
ENSMUSG00000074715|Ccl28,204.0,84.66666666666667,-1.258818051032724
ENSMUSG00000001508|Sgca,11.0,4.0,-1.2630344058337937
ENSMUSG00000049107|Ntf3,52.666666666666664,21.333333333333332,-1.2648276876568445
ENSMUSG00000031258|Xkrx,64.0,26.0,-1.267480310864986
ENSMUSG00000111664|Gm48865,16.666666666666668,6.333333333333333,-1.2684888359259021
ENSMUSG00000042567|Nek10,160.66666666666666,66.0,-1.2707892458955614
ENSMUSG00000085956|4930481B07Rik,32.0,12.666666666666666,-1.271804615461526
ENSMUSG00000109505|Gm44677,18.333333333333332,7.0,-1.2730184944064158
ENSMUSG00000026051|Ecrg4,166.66666666666666,68.33333333333333,-1.273974871664435
ENSMUSG00000099632|2900093K20Rik,56.333333333333336,22.666666666666668,-1.276517635197416
ENSMUSG00000055639|Dach1,225.33333333333334,92.33333333333333,-1.2779847472997654
ENSMUSG00000000320|Alox12,37.0,14.666666666666666,-1.2783011624871043
ENSMUSG00000044787|Spata32,37.0,14.666666666666666,-1.2783011624871043
ENSMUSG00000097776|Gm26795,38.666666666666664,15.333333333333334,-1.280107919192735
ENSMUSG00000120325,21.666666666666668,8.333333333333334,-1.2801079191927354
ENSMUSG00000021791|Dydc2,16.0,6.0,-1.2801079191927354
ENSMUSG00000100009|Gm7967,16.0,6.0,-1.2801079191927354
ENSMUSG00000086822|5330413P13Rik,136.0,55.333333333333336,-1.2821151473994985
ENSMUSG00000042672|Dcst1,326.3333333333333,133.33333333333334,-1.2849431857867255
ENSMUSG00000079502|Cfap77,12.0,4.333333333333333,-1.2854022188622485
ENSMUSG00000117292|E330032C10Rik,12.0,4.333333333333333,-1.2854022188622485
ENSMUSG00000035860|Cdhr3,51.0,20.333333333333332,-1.2854022188622485
ENSMUSG00000103047|Gm37310,39.666666666666664,15.666666666666666,-1.2868811477881617
ENSMUSG00000106665|Gm43389,61.666666666666664,24.666666666666668,-1.287802310982736
ENSMUSG00000009628|Tex15,41.333333333333336,16.333333333333332,-1.288244968631074
ENSMUSG00000118026|Gm50335,55.333333333333336,22.0,-1.2923549795040155
ENSMUSG00000105003|Gm40055,15.333333333333334,5.666666666666667,-1.292781749227846
ENSMUSG00000101586|Gm29017,24.333333333333332,9.333333333333334,-1.29373120305671
ENSMUSG00000112983|Gm32939,24.333333333333332,9.333333333333334,-1.29373120305671
ENSMUSG00000086914|Gm16124,27.666666666666668,10.666666666666666,-1.2969817377571318
ENSMUSG00000024331|Dsc2,27.666666666666668,10.666666666666666,-1.2969817377571318
ENSMUSG00000035299|Mid1,1396.6666666666667,567.6666666666666,-1.2973651835280997
ENSMUSG00000071234|Syndig1l,517.0,209.66666666666666,-1.297990040230607
ENSMUSG00000107402|4732416N19Rik,70.33333333333333,28.0,-1.2985234905524186
ENSMUSG00000089975|Gm7420,20.333333333333332,7.666666666666667,-1.2995602818589076
ENSMUSG00000071342|Lsmem1,25.333333333333332,9.666666666666666,-1.3037807481771029
ENSMUSG00000102261|Gm18864,13.0,4.666666666666667,-1.304854581528421
ENSMUSG00000120615,28.666666666666668,11.0,-1.3058084295240855
ENSMUSG00000105976|Gm42782,14.666666666666666,5.333333333333333,-1.306661338234052
ENSMUSG00000097419|Gm26666,35.333333333333336,13.666666666666666,-1.3087527061396291
ENSMUSG00000117172|A230051N06Rik,88.33333333333333,35.0,-1.3112016882943038
ENSMUSG00000120522,108.66666666666667,43.0,-1.317549654376788
ENSMUSG00000095105|Edaradd,15.666666666666666,5.666666666666667,-1.321928094887362
ENSMUSG00000120121,22.333333333333332,8.333333333333334,-1.3219280948873622
ENSMUSG00000107655|Gm44220,45.666666666666664,17.666666666666668,-1.3219280948873622
ENSMUSG00000106965|Gm18290,27.333333333333332,10.333333333333334,-1.3219280948873622
ENSMUSG00000005540|Fcer2a,35.666666666666664,13.666666666666666,-1.3219280948873622
ENSMUSG00000034762|Glis1,25.666666666666668,9.666666666666666,-1.3219280948873624
ENSMUSG00000086918|4930429F24Rik,41.666666666666664,16.0,-1.3275746580285044
ENSMUSG00000086801|Gm15943,28.333333333333332,10.666666666666666,-1.330148601692331
ENSMUSG00000030048|Gkn3,54.333333333333336,21.0,-1.3306453119884714
ENSMUSG00000030935|Acsm3,23.333333333333332,8.666666666666666,-1.3318435637524453
ENSMUSG00000050671|Ism2,21.666666666666668,8.0,-1.3325753390868709
ENSMUSG00000025407|Gli1,106.66666666666667,41.666666666666664,-1.335390354693925
ENSMUSG00000027409|1700020A23Rik,13.333333333333334,4.666666666666667,-1.3388019134517586
ENSMUSG00000116673|A630089N07Rik,139.33333333333334,54.333333333333336,-1.3426369917194714
ENSMUSG00000035365|Parpbp,33.666666666666664,12.666666666666666,-1.3428877135230086
ENSMUSG00000037446|Tulp1,10.0,3.3333333333333335,-1.3439544012173612
ENSMUSG00000079436|Kcnj13,104.0,40.333333333333336,-1.3450117080004034
ENSMUSG00000054493|Gm9947,66.0,25.333333333333332,-1.3472709430018257
ENSMUSG00000110993|Gm47963,17.666666666666668,6.333333333333333,-1.347923303420307
ENSMUSG00000042417|Ccno,61.0,23.333333333333332,-1.3493342522280143
ENSMUSG00000057246|BC051142,63.666666666666664,24.333333333333332,-1.351985328743542
ENSMUSG00000120740,39.0,14.666666666666666,-1.352301743930881
ENSMUSG00000005705|Agrp,22.0,8.0,-1.3536369546147005
ENSMUSG00000055323|Gm9967,28.0,10.333333333333334,-1.3554806545983888
ENSMUSG00000098832|Kdm4dl,36.666666666666664,13.666666666666666,-1.3607473437778905
ENSMUSG00000117250|Gm49871,23.0,8.333333333333334,-1.3625700793847082
ENSMUSG00000087410|2310065F04Rik,11.0,3.6666666666666665,-1.3625700793847084
ENSMUSG00000108242|9330118I20Rik,73.0,27.666666666666668,-1.3681511116480078
ENSMUSG00000042349|Ikbke,49.0,18.333333333333332,-1.3708376953683088
ENSMUSG00000090264|Eif4ebp3,13.666666666666666,4.666666666666667,-1.3719687773869578
ENSMUSG00000063354|Slc39a4,13.666666666666666,4.666666666666667,-1.3719687773869578
ENSMUSG00000103421|Golt1a,37.0,13.666666666666666,-1.3734583955274444
ENSMUSG00000045322|Tlr9,118.33333333333333,45.0,-1.3752913204860873
ENSMUSG00000017453|Pipox,32.0,11.666666666666666,-1.3814291066360243
ENSMUSG00000109572|Cfap99,32.0,11.666666666666666,-1.3814291066360243
ENSMUSG00000097404|Gm10814,32.0,11.666666666666666,-1.3814291066360243
ENSMUSG00000031853|Map3k21,202.0,76.66666666666667,-1.386112273252052
ENSMUSG00000075307|Klhl41,22.666666666666668,8.0,-1.3948596173412136
ENSMUSG00000105896|Gm43311,14.0,4.666666666666667,-1.4043902550793352
ENSMUSG00000005220|Corin,19.333333333333332,6.666666666666667,-1.4071753815058732
ENSMUSG00000105590|Gm43364,24.666666666666668,8.666666666666666,-1.4088055455673294
ENSMUSG00000101621|Gm28905,30.0,10.666666666666666,-1.4098757941630649
ENSMUSG00000113647|Gm47210,32.666666666666664,11.666666666666666,-1.4102839693082092
ENSMUSG00000120920,56.666666666666664,20.666666666666668,-1.41226041460827
ENSMUSG00000089889|0610040B10Rik,96.66666666666667,35.666666666666664,-1.4133971408975883
ENSMUSG00000023000|Dhh,12.333333333333334,4.0,-1.415037499278844
ENSMUSG00000089997|1810020O05Rik,39.0,14.0,-1.415037499278844
ENSMUSG00000070687|Htr1d,45.333333333333336,16.333333333333332,-1.4185013545824154
ENSMUSG00000086509|Nkx2-2os,29.333333333333332,10.333333333333334,-1.4203317989483566
ENSMUSG00000040432|Ltb4r2,38.333333333333336,13.666666666666666,-1.4232114307245443
ENSMUSG00000028125|Abca4,173.33333333333334,64.0,-1.4233368224973308
ENSMUSG00000026622|Nek2,56.333333333333336,20.333333333333332,-1.4262647547020981
ENSMUSG00000072594|Gm16439,507.0,188.0,-1.426442262551093
ENSMUSG00000108197|Gm44214,22.333333333333332,7.666666666666667,-1.428843298803874
ENSMUSG00000038840|Birc7,10.666666666666666,3.3333333333333335,-1.428843298803874
ENSMUSG00000054986|Sec14l3,19.666666666666668,6.666666666666667,-1.4306343543298623
ENSMUSG00000027967|Neurog2,82.66666666666667,30.0,-1.4323847428427405
ENSMUSG00000120346,14.333333333333334,4.666666666666667,-1.4360991148066733
ENSMUSG00000011305|Plin5,27.0,9.333333333333334,-1.438121112391885
ENSMUSG00000001672|Marveld3,18.0,6.0,-1.4405725913859815
ENSMUSG00000058620|Adra2b,11.666666666666666,3.6666666666666665,-1.4405725913859815
ENSMUSG00000025991|Cps1,34.333333333333336,12.0,-1.442518235700951
ENSMUSG00000021624|Cd180,105.33333333333333,38.0,-1.4470478941814648
ENSMUSG00000097113|Gm19705,32.666666666666664,11.333333333333334,-1.4487581171228447
ENSMUSG00000103821|D430013B06Rik,12.666666666666666,4.0,-1.4506614090095653
ENSMUSG00000087094|Gm13093,12.666666666666666,4.0,-1.4506614090095653
ENSMUSG00000018381|Abi3,481.3333333333333,174.66666666666666,-1.4571900548945098
ENSMUSG00000109419|Gm45163,21.0,7.0,-1.4594316186372973
ENSMUSG00000050010|Shisa3,133.0,47.666666666666664,-1.4612271322989117
ENSMUSG00000003206|Ebi3,41.333333333333336,14.333333333333334,-1.465122730715153
ENSMUSG00000075511|1700001L05Rik,355.3333333333333,127.66666666666667,-1.46958910045241
ENSMUSG00000074213|Gm10642,20.333333333333332,6.666666666666667,-1.476438043942987
ENSMUSG00000054909|Wbscr25,12.0,3.6666666666666665,-1.4780472968046445
ENSMUSG00000120673,16.666666666666668,5.333333333333333,-1.4799929411196138
ENSMUSG00000092492|B230208B08Rik,517.0,184.66666666666666,-1.4802372710676783
ENSMUSG00000085913|Gm15601,57.666666666666664,20.0,-1.4821516951373808
ENSMUSG00000121452,27.0,9.0,-1.4854268271702418
ENSMUSG00000096052|9930004E17Rik,18.666666666666668,6.0,-1.490325626583081
ENSMUSG00000113052|Gm31513,18.666666666666668,6.0,-1.490325626583081
ENSMUSG00000113330|Gm34237,14.0,4.333333333333333,-1.4918530963296748
ENSMUSG00000103388|Gm37581,24.333333333333332,8.0,-1.493040011280117
ENSMUSG00000010080|Epn3,56.333333333333336,19.333333333333332,-1.495527417139212
ENSMUSG00000087159|Gm15246,49.0,16.666666666666668,-1.5008982359326817
ENSMUSG00000089726|Mir17hg,21.666666666666668,7.0,-1.5025003405291835
ENSMUSG00000025038|Efhc2,102.66666666666667,35.333333333333336,-1.5125864453536761
ENSMUSG00000115360|Gm48932,78.33333333333333,26.666666666666668,-1.5197783319610185
ENSMUSG00000091455|Otogl,35.333333333333336,11.666666666666666,-1.520256811333341
ENSMUSG00000078815|Cacng6,46.0,15.333333333333334,-1.5248415082835851
ENSMUSG00000032268|Tmprss5,45.333333333333336,15.0,-1.5339785720023513
ENSMUSG00000023828|Slc22a3,83.0,28.0,-1.5343364276511882
ENSMUSG00000015452|Ager,19.333333333333332,6.0,-1.538419914784126
ENSMUSG00000023945|Slc5a7,72.66666666666667,24.333333333333332,-1.5399750459478463
ENSMUSG00000068463|B630019A10Rik,20.333333333333332,6.333333333333333,-1.5405683813627027
ENSMUSG00000116243|Gm49552,94.66666666666667,31.666666666666668,-1.5501970825604794
ENSMUSG00000104708|Gm42503,12.666666666666666,3.6666666666666665,-1.5501970825604796
ENSMUSG00000097781|9330136K24Rik,42.0,13.666666666666666,-1.5517956367859569
ENSMUSG00000115936|4833415N18Rik,72.33333333333333,24.0,-1.5525410230287786
ENSMUSG00000114787|4930455M05Rik,31.333333333333332,10.0,-1.555518722828674
ENSMUSG00000044254|Pcsk9,210.66666666666666,71.0,-1.5557252794960597
ENSMUSG00000056025|Clca3a1,36.333333333333336,11.666666666666666,-1.5594274086140187
ENSMUSG00000074646|6430550D23Rik,37.333333333333336,12.0,-1.560087832082127
ENSMUSG00000089737|Gm15688,78.66666666666667,26.0,-1.561016805096124
ENSMUSG00000029847|Slc23a4,19.666666666666668,6.0,-1.561878887608115
ENSMUSG00000023274|Cd4,103.33333333333333,34.333333333333336,-1.5620983923694192
ENSMUSG00000038239|Hrc,20.666666666666668,6.333333333333333,-1.5629361943911575
ENSMUSG00000108030|9530062K07Rik,33.666666666666664,10.666666666666666,-1.5711567011961256
ENSMUSG00000102801|Gm37478,39.666666666666664,12.666666666666666,-1.5731853329448027
ENSMUSG00000023393|Slc17a9,27.0,8.333333333333334,-1.584962500721156
ENSMUSG00000024575|Pde6a,30.0,9.333333333333334,-1.584962500721156
ENSMUSG00000120316,19.0,5.666666666666667,-1.584962500721156
ENSMUSG00000006777|Krt23,21.0,6.333333333333333,-1.5849625007211563
ENSMUSG00000117231|Gm41609,21.0,6.333333333333333,-1.5849625007211563
ENSMUSG00000074232|Gm10647,15.0,4.333333333333333,-1.5849625007211563
ENSMUSG00000045102|Poln,31.0,9.666666666666666,-1.5849625007211563
ENSMUSG00000034917|Tjp3,14.0,4.0,-1.5849625007211563
ENSMUSG00000111792|Gm33858,13.0,3.6666666666666665,-1.5849625007211563
ENSMUSG00000091345|Col6a5,20.0,6.0,-1.5849625007211563
ENSMUSG00000118295|Gm8437,34.0,10.666666666666666,-1.5849625007211563
ENSMUSG00000039676|Capsl,34.333333333333336,10.666666666666666,-1.5986374376182328
ENSMUSG00000074771|Ankef1,55.0,17.333333333333332,-1.6109577092541008
ENSMUSG00000079017|Ifi27l2a,17.333333333333332,5.0,-1.6114347120823473
ENSMUSG00000028457|Atp8b5,16.333333333333332,4.666666666666667,-1.6129768768907524
ENSMUSG00000097403|9230116N13Rik,27.666666666666668,8.333333333333334,-1.6189098326444937
ENSMUSG00000083253|Gm7108,12.333333333333334,3.3333333333333335,-1.6214883767462702
ENSMUSG00000112023|Lilrb4b,24.666666666666668,7.333333333333333,-1.622930350920177
ENSMUSG00000039543|Cfap70,32.0,9.666666666666666,-1.6293566200796097
ENSMUSG00000112830|Gm47765,19.666666666666668,5.666666666666667,-1.632268215499513
ENSMUSG00000050808|Muc15,38.333333333333336,11.666666666666666,-1.634715535918256
ENSMUSG00000058488|Kl,429.3333333333333,136.66666666666666,-1.6442753138877453
ENSMUSG00000020963|Tshr,38.666666666666664,11.666666666666666,-1.6468902498643578
ENSMUSG00000120982,22.0,6.333333333333333,-1.6490928381408718
ENSMUSG00000102704|Gm38309,21.0,6.0,-1.6520766965796931
ENSMUSG00000120068,13.666666666666666,3.6666666666666665,-1.6520766965796931
ENSMUSG00000111246|4930517E14Rik,40.0,12.0,-1.6571122864769916
ENSMUSG00000085132|Gm12265,19.333333333333332,5.333333333333333,-1.6828098241193008
ENSMUSG00000022026|Olfm4,47.333333333333336,14.0,-1.6880559936852597
ENSMUSG00000106053|Gm20752,22.666666666666668,6.333333333333333,-1.690315500867385
ENSMUSG00000116121|Gm49486,21.666666666666668,6.0,-1.6951454184715793
ENSMUSG00000120026,39.0,11.333333333333334,-1.6974372299795686
ENSMUSG00000036395|Glb1l2,25.0,7.0,-1.7004397181410922
ENSMUSG00000103622|B430319G15Rik,57.666666666666664,17.0,-1.7045441164738286
ENSMUSG00000117145|Gng5c,15.333333333333334,4.0,-1.7078192485066899
ENSMUSG00000044287|Nrn1l,47.0,13.666666666666666,-1.7104933828050153
ENSMUSG00000105868|Gm43766,156.33333333333334,47.0,-1.712718047919529
ENSMUSG00000116795|Gm49600,21.0,5.666666666666667,-1.722466024471091
ENSMUSG00000113459|Gm30655,13.333333333333334,3.3333333333333335,-1.7258250365610055
ENSMUSG00000005553|Atp4a,31.0,8.666666666666666,-1.7269815055935842
ENSMUSG00000117950|Gm50376,16.666666666666668,4.333333333333333,-1.7279204545631992
ENSMUSG00000046922|Gpr6,157.0,46.666666666666664,-1.7288719121198697
ENSMUSG00000086695|Gm15247,15.666666666666666,4.0,-1.7369655941662059
ENSMUSG00000031789|Cngb1,19.0,5.0,-1.7369655941662063
ENSMUSG00000020325|Fstl3,60.0,17.0,-1.7608123361205739
ENSMUSG00000026940|Ccdc183,30.666666666666668,8.333333333333334,-1.7625006862733437
ENSMUSG00000038115|Ano2,59.333333333333336,16.666666666666668,-1.771925432520006
ENSMUSG00000102516|Gm38340,34.333333333333336,9.333333333333334,-1.773724144176324
ENSMUSG00000117246|Gm17891,43.666666666666664,12.0,-1.780686971595524
ENSMUSG00000057719|Sh3rf2,80.33333333333333,22.666666666666668,-1.780990218058204
ENSMUSG00000050211|Pla2g4e,592.6666666666666,171.66666666666666,-1.781663513415065
ENSMUSG00000103037|Pcdhgb1,2344.6666666666665,679.3333333333334,-1.7856843306450707
ENSMUSG00000040632|Nrl,31.666666666666668,8.333333333333334,-1.8073549220576042
ENSMUSG00000019989|Enpp3,23.666666666666668,6.0,-1.8171359428501896
ENSMUSG00000107173|Gm43266,16.666666666666668,4.0,-1.8210298589546807
ENSMUSG00000106636|Gm43813,14.333333333333334,3.3333333333333335,-1.8231222379159204
ENSMUSG00000114321|Gm8971,14.333333333333334,3.3333333333333335,-1.8231222379159204
ENSMUSG00000096764|Gm21985,267.6666666666667,74.66666666666667,-1.8280875412370525
ENSMUSG00000002076|Hsf2bp,21.666666666666668,5.333333333333333,-1.839535327806754
ENSMUSG00000086629|2810403D21Rik,47.0,12.333333333333334,-1.84799690655495
ENSMUSG00000104420|E230020A03Rik,22.0,5.333333333333333,-1.8605969433345835
ENSMUSG00000097072|Foxl2os,19.666666666666668,4.666666666666667,-1.8667334691365358
ENSMUSG00000032028|Nxpe2,21.0,5.0,-1.8744691179161412
ENSMUSG00000093394|Gm20621,42.333333333333336,10.666666666666666,-1.8930847960834882
ENSMUSG00000100235|Gm28557,57.333333333333336,14.666666666666666,-1.8966222601546914
ENSMUSG00000043719|Col6a6,22.666666666666668,5.333333333333333,-1.9018196060610968
ENSMUSG00000109998|Gm45437,24.0,5.666666666666667,-1.9068905956085185
ENSMUSG00000041679|Fbxl9,75.66666666666667,19.333333333333332,-1.9147527133814892
ENSMUSG00000079105|C7,38.0,9.333333333333334,-1.9161684091965292
ENSMUSG00000046610|Oacyl,62.0,15.666666666666666,-1.918386234446348
ENSMUSG00000068252|Apol7b,16.666666666666668,3.6666666666666665,-1.9205655325055955
ENSMUSG00000073485|H3f3aos,61.0,15.333333333333334,-1.9244489669928229
ENSMUSG00000055333|Fat2,39.666666666666664,9.666666666666666,-1.9307373375628862
ENSMUSG00000031786|Drc7,62.666666666666664,15.666666666666666,-1.933572638261024
ENSMUSG00000055235|Wdr86,41.333333333333336,10.0,-1.9442905674137125
ENSMUSG00000045915|Ccdc42,26.0,6.0,-1.9475325801058645
ENSMUSG00000105698|Gm31881,29.0,6.666666666666667,-1.9682911402726617
ENSMUSG00000120606,14.666666666666666,3.0,-1.969626350956481
ENSMUSG00000054901|Arhgef33,56.666666666666664,13.666666666666666,-1.9751966089994275
ENSMUSG00000032572|Col6a4,76.33333333333333,18.666666666666668,-1.9753379457657307
ENSMUSG00000104213|Ighd,21.333333333333332,4.666666666666667,-1.978626349207433
ENSMUSG00000074604|Mgst2,12.333333333333334,2.3333333333333335,-2.0
ENSMUSG00000042489|Clspn,67.33333333333333,16.0,-2.0070547575339504
ENSMUSG00000083012|Fam220a,873.6666666666666,216.33333333333334,-2.008823850387006
ENSMUSG00000025946|Pth2r,85.33333333333333,20.333333333333332,-2.016808287686554
ENSMUSG00000112008|Gm47218,19.333333333333332,4.0,-2.0238467419543675
ENSMUSG00000095134|Mid1-ps1,919.0,222.0,-2.0445901510240705
ENSMUSG00000020178|Adora2a,451.3333333333333,108.0,-2.0530581799207717
ENSMUSG00000036169|Sostdc1,89.66666666666667,20.666666666666668,-2.0650950282218847
ENSMUSG00000051354|Samd3,115.0,26.333333333333332,-2.0853914912306446
ENSMUSG00000030775|Trat1,27.333333333333332,5.666666666666667,-2.087462841250339
ENSMUSG00000103059|Gm18186,26.0,5.333333333333333,-2.091922489441039
ENSMUSG00000120489,13.333333333333334,2.3333333333333335,-2.1043366598147357
ENSMUSG00000032259|Drd2,264.0,60.333333333333336,-2.111249094114705
ENSMUSG00000110205|Gm33594,29.333333333333332,6.0,-2.115477217419936
ENSMUSG00000025804|Ccr1,23.666666666666668,4.666666666666667,-2.12199052437861
ENSMUSG00000040605|Bace2,272.3333333333333,60.333333333333336,-2.155918143448433
ENSMUSG00000075265|Tnk2os,11.0,1.6666666666666667,-2.169925001442312
ENSMUSG00000027824|Vmn2r1,23.0,4.333333333333333,-2.1699250014423126
ENSMUSG00000026579|F5,103.66666666666667,22.0,-2.186096292113458
ENSMUSG00000097666|A330094K24Rik,31.333333333333332,6.0,-2.207595419408367
ENSMUSG00000056071|S100a9,38.0,7.333333333333333,-2.22650852980868
ENSMUSG00000073594|Gm10545,19.666666666666668,3.3333333333333335,-2.253756592245783
ENSMUSG00002075137|Gm56329,13.333333333333334,2.0,-2.2563397532597858
ENSMUSG00000109506|Gm44724,13.666666666666666,2.0,-2.2895066171949847
ENSMUSG00000023903|Mmp25,15.333333333333334,2.3333333333333335,-2.292781749227846
ENSMUSG00000027356|Fermt1,48.333333333333336,9.0,-2.3025627700204314
ENSMUSG00000114624|Gm48267,40.666666666666664,7.333333333333333,-2.3219280948873626
ENSMUSG00000004655|Aqp1,83.0,15.666666666666666,-2.333423733725192
ENSMUSG00000099871|Gm21742,449.0,87.66666666666667,-2.3434612564370036
ENSMUSG00000058260|Serpina9,41.333333333333336,7.333333333333333,-2.3448284969974416
ENSMUSG00000042895|Abra,21.333333333333332,3.3333333333333335,-2.36564947231668
ENSMUSG00000109733|Gm33940,23.666666666666668,3.6666666666666665,-2.402098443571346
ENSMUSG00000085041|BB031773,20.333333333333332,3.0,-2.415037499278844
ENSMUSG00000120003,28.333333333333332,4.333333333333333,-2.4594316186372973
ENSMUSG00000025044|Msr1,16.0,2.0,-2.502500340529183
ENSMUSG00000120001,16.333333333333332,2.0,-2.5305147166987796
ENSMUSG00000110635|Gm45853,29.666666666666668,4.0,-2.6166713604484944
ENSMUSG00000038805|Six3,58.333333333333336,8.666666666666666,-2.6177524358388258
ENSMUSG00000001827|Folr1,93.66666666666667,14.333333333333334,-2.626185163447669
ENSMUSG00000056054|S100a8,19.666666666666668,2.0,-2.784271308944563
ENSMUSG00000005883|Spo11,19.666666666666668,2.0,-2.784271308944563
ENSMUSG00000028459|Cd72,69.0,9.0,-2.807354922057604
ENSMUSG00000058831|Opn1sw,13.0,1.0,-2.807354922057604
ENSMUSG00000084866|A930006K02Rik,29.666666666666668,3.3333333333333335,-2.8231222379159204
ENSMUSG00000020395|Itk,35.333333333333336,3.3333333333333335,-3.0677446066358343
ENSMUSG00000066510|Ankdd1a,16.333333333333332,1.0,-3.115477217419936
ENSMUSG00000028587|Orc1,23.333333333333332,1.6666666666666667,-3.189824558880017
ENSMUSG00000030324|Rho,145.33333333333334,14.333333333333334,-3.2545151734783455
ENSMUSG00000117905|Gm50230,36.0,2.6666666666666665,-3.334984247712809
ENSMUSG00000022949|Clic6,178.0,12.666666666666666,-3.7112262733673287
ENSMUSG00000111117|A730065G17Rik,12.666666666666666,0.0,-3.7725895038969273
ENSMUSG00000034457|Eda2r,13.666666666666666,0.0,-3.874469117916141
ENSMUSG00000034837|Gnat1,61.0,3.0,-3.9541963103868754
ENSMUSG00000024107|Lhcgr,16.0,0.0,-4.087462841250339
ENSMUSG00000048442|Smim5,21.333333333333332,0.0,-4.481126689736616
ENSMUSG00000068085|Cyp2d11,23.0,0.0,-4.584962500721156
ENSMUSG00000074207|Adh1,29.333333333333332,0.0,-4.92283213947754
ENSMUSG00000092192|Dnaaf4,59.666666666666664,0.0,-5.92283213947754
ENSMUSG00000061808|Ttr,8854.666666666666,131.33333333333334,-6.064352507356417
ENSMUSG00000090625|Gm20721,6855.333333333333,80.0,-6.403371532222171
ENSMUSG00000113591|4930447K03Rik,484.3333333333333,0.0,-8.92283213947754
